/******************************************************************************/
/***          Generated by IBExpert 2021.3.29.1 23.06.2023 7:37:47          ***/
/******************************************************************************/

/******************************************************************************/
/***      Following SET SQL DIALECT is just for the Database Comparer       ***/
/******************************************************************************/
SET SQL DIALECT 3;

INSERT INTO GROUPS (GROUP_ID, GROUP_CIPHER, STUDY_BEGIN_YEAR, GROUP_NUMBER) VALUES (1, 'АСУб', 2021, 1);
INSERT INTO GROUPS (GROUP_ID, GROUP_CIPHER, STUDY_BEGIN_YEAR, GROUP_NUMBER) VALUES (2, 'АСУб', 2021, 2);
INSERT INTO GROUPS (GROUP_ID, GROUP_CIPHER, STUDY_BEGIN_YEAR, GROUP_NUMBER) VALUES (3, 'ЭВМб', 2021, 1);


COMMIT WORK;

INSERT INTO STUDENTS (RECORD_BOOK_ID, LAST_NAME, FIRST_NAME, MIDDLE_NAME, BIRTH_DATE, GENDER, GROUP_ID) VALUES (4342123, 'Кравцов', 'Владимир', 'Сергеевич', '2003-04-14', 'М', 1);
INSERT INTO STUDENTS (RECORD_BOOK_ID, LAST_NAME, FIRST_NAME, MIDDLE_NAME, BIRTH_DATE, GENDER, GROUP_ID) VALUES (3479834, 'Цымпилов', 'Алдар', 'Аюрович', '2003-08-02', 'М', 1);
INSERT INTO STUDENTS (RECORD_BOOK_ID, LAST_NAME, FIRST_NAME, MIDDLE_NAME, BIRTH_DATE, GENDER, GROUP_ID) VALUES (1378492, 'Львова', 'Екатерина', 'Александровна', '2003-05-01', 'Ж', 1);
INSERT INTO STUDENTS (RECORD_BOOK_ID, LAST_NAME, FIRST_NAME, MIDDLE_NAME, BIRTH_DATE, GENDER, GROUP_ID) VALUES (7473293, 'Новиков', 'Егор', 'Алексеевич', '2003-10-14', 'М', 1);
INSERT INTO STUDENTS (RECORD_BOOK_ID, LAST_NAME, FIRST_NAME, MIDDLE_NAME, BIRTH_DATE, GENDER, GROUP_ID) VALUES (8327481, 'Хламов', 'Александр', 'Викторович', '2003-02-20', 'М', 1);
INSERT INTO STUDENTS (RECORD_BOOK_ID, LAST_NAME, FIRST_NAME, MIDDLE_NAME, BIRTH_DATE, GENDER, GROUP_ID) VALUES (2138942, 'Корешков', 'Егор', 'Александрович', '2023-08-17', 'М', 2);
INSERT INTO STUDENTS (RECORD_BOOK_ID, LAST_NAME, FIRST_NAME, MIDDLE_NAME, BIRTH_DATE, GENDER, GROUP_ID) VALUES (9123423, 'Донцова', 'Ольга', 'Сергеевна', '2003-03-12', 'Ж', 2);
INSERT INTO STUDENTS (RECORD_BOOK_ID, LAST_NAME, FIRST_NAME, MIDDLE_NAME, BIRTH_DATE, GENDER, GROUP_ID) VALUES (8239437, 'Черкашина', 'Алена', 'Дмитриевна', '2003-06-04', 'Ж', 2);
INSERT INTO STUDENTS (RECORD_BOOK_ID, LAST_NAME, FIRST_NAME, MIDDLE_NAME, BIRTH_DATE, GENDER, GROUP_ID) VALUES (4892304, 'Зайцев', 'Артем', 'Евгеньевич', '2003-02-01', 'М', 3);
INSERT INTO STUDENTS (RECORD_BOOK_ID, LAST_NAME, FIRST_NAME, MIDDLE_NAME, BIRTH_DATE, GENDER, GROUP_ID) VALUES (6172930, 'Алхимов', 'Сергей', 'Алексеевич', '2003-04-23', 'М', 3);
INSERT INTO STUDENTS (RECORD_BOOK_ID, LAST_NAME, FIRST_NAME, MIDDLE_NAME, BIRTH_DATE, GENDER, GROUP_ID) VALUES (9219302, 'Власов', 'Даниил', 'Андреевич', '2003-11-09', 'М', 3);
INSERT INTO STUDENTS (RECORD_BOOK_ID, LAST_NAME, FIRST_NAME, MIDDLE_NAME, BIRTH_DATE, GENDER, GROUP_ID) VALUES (5237984, 'Романцов', 'Александр', 'Юрьевич', '2003-07-21', 'М', 2);
INSERT INTO STUDENTS (RECORD_BOOK_ID, LAST_NAME, FIRST_NAME, MIDDLE_NAME, BIRTH_DATE, GENDER, GROUP_ID) VALUES (4729834, 'Дылгыров', 'Булат', 'Цыденешиевич', '2003-07-10', 'М', 1);


COMMIT WORK;

INSERT INTO SUBJECTS (SUBJECT_ID, SUBJECT_NAME, HOURS_NUMBER, CERTIFICATION_TYPE) VALUES (3, 'Программирование', 216, 'ЭКЗ');
INSERT INTO SUBJECTS (SUBJECT_ID, SUBJECT_NAME, HOURS_NUMBER, CERTIFICATION_TYPE) VALUES (10, 'Цифровая электроника', 180, 'ЭКЗ');
INSERT INTO SUBJECTS (SUBJECT_ID, SUBJECT_NAME, HOURS_NUMBER, CERTIFICATION_TYPE) VALUES (5, 'Математика', 180, 'ЭКЗ');
INSERT INTO SUBJECTS (SUBJECT_ID, SUBJECT_NAME, HOURS_NUMBER, CERTIFICATION_TYPE) VALUES (8, 'Базы данных', 108, 'ЗАЧ');
INSERT INTO SUBJECTS (SUBJECT_ID, SUBJECT_NAME, HOURS_NUMBER, CERTIFICATION_TYPE) VALUES (9, 'ТАУ', 144, 'ЗАЧ');


COMMIT WORK;

INSERT INTO GRADES (RECORD_BOOK_ID, SUBJECT_ID, GRADE) VALUES (1378492, 3, '5');
INSERT INTO GRADES (RECORD_BOOK_ID, SUBJECT_ID, GRADE) VALUES (1378492, 5, '4');
INSERT INTO GRADES (RECORD_BOOK_ID, SUBJECT_ID, GRADE) VALUES (1378492, 8, 'ЗАЧ');
INSERT INTO GRADES (RECORD_BOOK_ID, SUBJECT_ID, GRADE) VALUES (1378492, 9, 'ЗАЧ');
INSERT INTO GRADES (RECORD_BOOK_ID, SUBJECT_ID, GRADE) VALUES (3479834, 3, '5');
INSERT INTO GRADES (RECORD_BOOK_ID, SUBJECT_ID, GRADE) VALUES (3479834, 5, '5');
INSERT INTO GRADES (RECORD_BOOK_ID, SUBJECT_ID, GRADE) VALUES (3479834, 8, 'ЗАЧ');
INSERT INTO GRADES (RECORD_BOOK_ID, SUBJECT_ID, GRADE) VALUES (3479834, 9, 'ЗАЧ');
INSERT INTO GRADES (RECORD_BOOK_ID, SUBJECT_ID, GRADE) VALUES (4342123, 3, '5');
INSERT INTO GRADES (RECORD_BOOK_ID, SUBJECT_ID, GRADE) VALUES (4342123, 5, '5');
INSERT INTO GRADES (RECORD_BOOK_ID, SUBJECT_ID, GRADE) VALUES (4342123, 8, 'ЗАЧ');
INSERT INTO GRADES (RECORD_BOOK_ID, SUBJECT_ID, GRADE) VALUES (4342123, 9, 'ЗАЧ');
INSERT INTO GRADES (RECORD_BOOK_ID, SUBJECT_ID, GRADE) VALUES (4729834, 9, 'ЗАЧ');
INSERT INTO GRADES (RECORD_BOOK_ID, SUBJECT_ID, GRADE) VALUES (4729834, 8, 'ЗАЧ');
INSERT INTO GRADES (RECORD_BOOK_ID, SUBJECT_ID, GRADE) VALUES (4729834, 5, '5');
INSERT INTO GRADES (RECORD_BOOK_ID, SUBJECT_ID, GRADE) VALUES (4729834, 3, '5');
INSERT INTO GRADES (RECORD_BOOK_ID, SUBJECT_ID, GRADE) VALUES (7473293, 3, '5');
INSERT INTO GRADES (RECORD_BOOK_ID, SUBJECT_ID, GRADE) VALUES (7473293, 5, '5');
INSERT INTO GRADES (RECORD_BOOK_ID, SUBJECT_ID, GRADE) VALUES (7473293, 8, 'ЗАЧ');
INSERT INTO GRADES (RECORD_BOOK_ID, SUBJECT_ID, GRADE) VALUES (7473293, 9, 'ЗАЧ');
INSERT INTO GRADES (RECORD_BOOK_ID, SUBJECT_ID, GRADE) VALUES (8327481, 9, 'ЗАЧ');
INSERT INTO GRADES (RECORD_BOOK_ID, SUBJECT_ID, GRADE) VALUES (8327481, 8, 'ЗАЧ');
INSERT INTO GRADES (RECORD_BOOK_ID, SUBJECT_ID, GRADE) VALUES (8327481, 5, '5');
INSERT INTO GRADES (RECORD_BOOK_ID, SUBJECT_ID, GRADE) VALUES (8327481, 3, '5');
INSERT INTO GRADES (RECORD_BOOK_ID, SUBJECT_ID, GRADE) VALUES (2138942, 3, '5');
INSERT INTO GRADES (RECORD_BOOK_ID, SUBJECT_ID, GRADE) VALUES (2138942, 5, '4');
INSERT INTO GRADES (RECORD_BOOK_ID, SUBJECT_ID, GRADE) VALUES (2138942, 8, 'ЗАЧ');
INSERT INTO GRADES (RECORD_BOOK_ID, SUBJECT_ID, GRADE) VALUES (2138942, 9, 'ЗАЧ');
INSERT INTO GRADES (RECORD_BOOK_ID, SUBJECT_ID, GRADE) VALUES (5237984, 9, 'ЗАЧ');
INSERT INTO GRADES (RECORD_BOOK_ID, SUBJECT_ID, GRADE) VALUES (5237984, 8, 'ЗАЧ');
INSERT INTO GRADES (RECORD_BOOK_ID, SUBJECT_ID, GRADE) VALUES (5237984, 5, '5');
INSERT INTO GRADES (RECORD_BOOK_ID, SUBJECT_ID, GRADE) VALUES (5237984, 3, '5');
INSERT INTO GRADES (RECORD_BOOK_ID, SUBJECT_ID, GRADE) VALUES (8239437, 3, '4');
INSERT INTO GRADES (RECORD_BOOK_ID, SUBJECT_ID, GRADE) VALUES (8239437, 5, '3');
INSERT INTO GRADES (RECORD_BOOK_ID, SUBJECT_ID, GRADE) VALUES (8239437, 8, 'ЗАЧ');
INSERT INTO GRADES (RECORD_BOOK_ID, SUBJECT_ID, GRADE) VALUES (9123423, 9, 'ЗАЧ');
INSERT INTO GRADES (RECORD_BOOK_ID, SUBJECT_ID, GRADE) VALUES (9123423, 8, 'ЗАЧ');
INSERT INTO GRADES (RECORD_BOOK_ID, SUBJECT_ID, GRADE) VALUES (9123423, 5, '4');
INSERT INTO GRADES (RECORD_BOOK_ID, SUBJECT_ID, GRADE) VALUES (9123423, 3, '4');
INSERT INTO GRADES (RECORD_BOOK_ID, SUBJECT_ID, GRADE) VALUES (4892304, 3, '5');
INSERT INTO GRADES (RECORD_BOOK_ID, SUBJECT_ID, GRADE) VALUES (4892304, 5, '4');
INSERT INTO GRADES (RECORD_BOOK_ID, SUBJECT_ID, GRADE) VALUES (4892304, 8, 'ЗАЧ');
INSERT INTO GRADES (RECORD_BOOK_ID, SUBJECT_ID, GRADE) VALUES (4892304, 10, '4');
INSERT INTO GRADES (RECORD_BOOK_ID, SUBJECT_ID, GRADE) VALUES (6172930, 10, '5');
INSERT INTO GRADES (RECORD_BOOK_ID, SUBJECT_ID, GRADE) VALUES (6172930, 8, 'ЗАЧ');
INSERT INTO GRADES (RECORD_BOOK_ID, SUBJECT_ID, GRADE) VALUES (6172930, 5, '5');
INSERT INTO GRADES (RECORD_BOOK_ID, SUBJECT_ID, GRADE) VALUES (6172930, 3, '5');
INSERT INTO GRADES (RECORD_BOOK_ID, SUBJECT_ID, GRADE) VALUES (9219302, 3, '4');
INSERT INTO GRADES (RECORD_BOOK_ID, SUBJECT_ID, GRADE) VALUES (9219302, 5, '3');
INSERT INTO GRADES (RECORD_BOOK_ID, SUBJECT_ID, GRADE) VALUES (9219302, 8, 'ЗАЧ');
INSERT INTO GRADES (RECORD_BOOK_ID, SUBJECT_ID, GRADE) VALUES (9219302, 10, '3');


COMMIT WORK;

SET GENERATOR GROUPS_GENERATOR TO 3;
SET GENERATOR SUBJECTS_GENERATOR TO 10;
