/******************************************************************************/
/***         Generated by IBExpert 2021.3.29.1 14.06.2023 14:11:55          ***/
/******************************************************************************/

/******************************************************************************/
/***      Following SET SQL DIALECT is just for the Database Comparer       ***/
/******************************************************************************/
SET SQL DIALECT 3;

INSERT INTO WORKSHOPS (WORKSHOP_ID, FOREMAN_LAST_NAME, FOREMAN_FIRST_NAME, FOREMAN_MIDDLE_NAME) VALUES (1, 'Иванов', 'Иван', 'Иванович');
INSERT INTO WORKSHOPS (WORKSHOP_ID, FOREMAN_LAST_NAME, FOREMAN_FIRST_NAME, FOREMAN_MIDDLE_NAME) VALUES (2, 'Сидоров', 'Александр', 'Сергеевич');


COMMIT WORK;

INSERT INTO MACHINES (MACHINE_NAME, PROCESSING_TIME, WORKSHOP_ID) VALUES ('Фрезерный', 120, 1);
INSERT INTO MACHINES (MACHINE_NAME, PROCESSING_TIME, WORKSHOP_ID) VALUES ('Токарный', 90, 1);
INSERT INTO MACHINES (MACHINE_NAME, PROCESSING_TIME, WORKSHOP_ID) VALUES ('Точильный', 30, 2);
INSERT INTO MACHINES (MACHINE_NAME, PROCESSING_TIME, WORKSHOP_ID) VALUES ('Сверлильный', 15, 2);
INSERT INTO MACHINES (MACHINE_NAME, PROCESSING_TIME, WORKSHOP_ID) VALUES ('Режущий', 60, 1);


COMMIT WORK;

INSERT INTO PARTS (PART_NUMBER, PART_NAME, MACHINE_NAME) VALUES (2, 'Болт', 'Токарный');
INSERT INTO PARTS (PART_NUMBER, PART_NAME, MACHINE_NAME) VALUES (3, 'Гайка', 'Фрезерный');
INSERT INTO PARTS (PART_NUMBER, PART_NAME, MACHINE_NAME) VALUES (4, 'Гвоздь', 'Точильный');
INSERT INTO PARTS (PART_NUMBER, PART_NAME, MACHINE_NAME) VALUES (5, 'Пластина', 'Сверлильный');
INSERT INTO PARTS (PART_NUMBER, PART_NAME, MACHINE_NAME) VALUES (6, 'Ось', 'Режущий');


COMMIT WORK;

INSERT INTO PART_MODIFICATIONS (MODIFICATION_NAME, COMPLEXITY, PART_NUMBER) VALUES ('Болт М36х70', 100, 2);
INSERT INTO PART_MODIFICATIONS (MODIFICATION_NAME, COMPLEXITY, PART_NUMBER) VALUES ('Болт М24х50', 90, 2);
INSERT INTO PART_MODIFICATIONS (MODIFICATION_NAME, COMPLEXITY, PART_NUMBER) VALUES ('Болт М16х30', 90, 2);
INSERT INTO PART_MODIFICATIONS (MODIFICATION_NAME, COMPLEXITY, PART_NUMBER) VALUES ('Гайка М36', 140, 3);
INSERT INTO PART_MODIFICATIONS (MODIFICATION_NAME, COMPLEXITY, PART_NUMBER) VALUES ('Гайка М24', 130, 3);
INSERT INTO PART_MODIFICATIONS (MODIFICATION_NAME, COMPLEXITY, PART_NUMBER) VALUES ('Гайка М16', 120, 3);
INSERT INTO PART_MODIFICATIONS (MODIFICATION_NAME, COMPLEXITY, PART_NUMBER) VALUES ('Пластина 30х20', 20, 5);
INSERT INTO PART_MODIFICATIONS (MODIFICATION_NAME, COMPLEXITY, PART_NUMBER) VALUES ('Пластина 80х60', 30, 5);
INSERT INTO PART_MODIFICATIONS (MODIFICATION_NAME, COMPLEXITY, PART_NUMBER) VALUES ('Пластина 120х100', 40, 5);
INSERT INTO PART_MODIFICATIONS (MODIFICATION_NAME, COMPLEXITY, PART_NUMBER) VALUES ('Ось L100', 60, 6);
INSERT INTO PART_MODIFICATIONS (MODIFICATION_NAME, COMPLEXITY, PART_NUMBER) VALUES ('Ось L200', 60, 6);
INSERT INTO PART_MODIFICATIONS (MODIFICATION_NAME, COMPLEXITY, PART_NUMBER) VALUES ('Ось L500', 60, 6);
INSERT INTO PART_MODIFICATIONS (MODIFICATION_NAME, COMPLEXITY, PART_NUMBER) VALUES ('Гвоздь L80', 40, 4);
INSERT INTO PART_MODIFICATIONS (MODIFICATION_NAME, COMPLEXITY, PART_NUMBER) VALUES ('Гвоздь L50', 40, 4);
INSERT INTO PART_MODIFICATIONS (MODIFICATION_NAME, COMPLEXITY, PART_NUMBER) VALUES ('Гвоздь L200', 40, 4);
INSERT INTO PART_MODIFICATIONS (MODIFICATION_NAME, COMPLEXITY, PART_NUMBER) VALUES ('Болт М8х20', 40, 2);
INSERT INTO PART_MODIFICATIONS (MODIFICATION_NAME, COMPLEXITY, PART_NUMBER) VALUES ('Гайка М8', 40, 3);
INSERT INTO PART_MODIFICATIONS (MODIFICATION_NAME, COMPLEXITY, PART_NUMBER) VALUES ('Пластина 150х200', 50, 5);
INSERT INTO PART_MODIFICATIONS (MODIFICATION_NAME, COMPLEXITY, PART_NUMBER) VALUES ('Пластина 200х300', 50, 5);
INSERT INTO PART_MODIFICATIONS (MODIFICATION_NAME, COMPLEXITY, PART_NUMBER) VALUES ('Гвоздь L100', 40, 4);
INSERT INTO PART_MODIFICATIONS (MODIFICATION_NAME, COMPLEXITY, PART_NUMBER) VALUES ('Гвоздь L120', 40, 4);
INSERT INTO PART_MODIFICATIONS (MODIFICATION_NAME, COMPLEXITY, PART_NUMBER) VALUES ('Гвоздь L150', 40, 4);


COMMIT WORK;

SET GENERATOR PARTS_GENERATOR TO 6;
SET GENERATOR WORKSHOPS_GENERATOR TO 2;
