/******************************************************************************/
/***         Generated by IBExpert 2021.3.29.1 14.11.2023 15:27:40          ***/
/******************************************************************************/

/******************************************************************************/
/***      Following SET SQL DIALECT is just for the Database Comparer       ***/
/******************************************************************************/
SET SQL DIALECT 3;

INSERT INTO FACULTIES (FACULTY_ID, FACULTY_NAME, DIRECTOR_NAME) VALUES (1, 'Факультет недропользования', 'Шевченко Алексей Николаевич');
INSERT INTO FACULTIES (FACULTY_ID, FACULTY_NAME, DIRECTOR_NAME) VALUES (2, 'Факультет машиностроения', 'Пашков Андрей Евгеньевич');


COMMIT WORK;

INSERT INTO SPECIALTIES (SPECIALTY_ID, SPECIALTY_CIPHER, SPECIALTY_NAME, QUALIFICATION, FACULTY_ID) VALUES (1, '05.03', 'Экология и природопользование', 'Эколог', 1);
INSERT INTO SPECIALTIES (SPECIALTY_ID, SPECIALTY_CIPHER, SPECIALTY_NAME, QUALIFICATION, FACULTY_ID) VALUES (2, '05.08', 'Нефтегазовое дело', 'Инженер-технолог газовых и нефтяных скважин', 1);
INSERT INTO SPECIALTIES (SPECIALTY_ID, SPECIALTY_CIPHER, SPECIALTY_NAME, QUALIFICATION, FACULTY_ID) VALUES (3, '14.02', 'Машиностроение', 'Инженер-механик', 2);
INSERT INTO SPECIALTIES (SPECIALTY_ID, SPECIALTY_CIPHER, SPECIALTY_NAME, QUALIFICATION, FACULTY_ID) VALUES (4, '14.07', 'Материаловедение', 'Материаловед', 2);


COMMIT WORK;

INSERT INTO GROUPS (GROUP_ID, GROUP_CIPHER, ENTERING_YEAR, GROUP_NUMBER, SPECIALTY_ID) VALUES (1, 'ЭПб', 2021, 1, 1);
INSERT INTO GROUPS (GROUP_ID, GROUP_CIPHER, ENTERING_YEAR, GROUP_NUMBER, SPECIALTY_ID) VALUES (2, 'ЭПб', 2021, 2, 1);
INSERT INTO GROUPS (GROUP_ID, GROUP_CIPHER, ENTERING_YEAR, GROUP_NUMBER, SPECIALTY_ID) VALUES (3, 'НДб', 2022, 1, 2);
INSERT INTO GROUPS (GROUP_ID, GROUP_CIPHER, ENTERING_YEAR, GROUP_NUMBER, SPECIALTY_ID) VALUES (4, 'НДбз', 2022, 1, 2);
INSERT INTO GROUPS (GROUP_ID, GROUP_CIPHER, ENTERING_YEAR, GROUP_NUMBER, SPECIALTY_ID) VALUES (5, 'МСб', 2022, 1, 3);
INSERT INTO GROUPS (GROUP_ID, GROUP_CIPHER, ENTERING_YEAR, GROUP_NUMBER, SPECIALTY_ID) VALUES (6, 'МСб', 2022, 2, 3);
INSERT INTO GROUPS (GROUP_ID, GROUP_CIPHER, ENTERING_YEAR, GROUP_NUMBER, SPECIALTY_ID) VALUES (7, 'МВб', 2021, 1, 4);
INSERT INTO GROUPS (GROUP_ID, GROUP_CIPHER, ENTERING_YEAR, GROUP_NUMBER, SPECIALTY_ID) VALUES (8, 'МВбз', 2021, 1, 4);


COMMIT WORK;

INSERT INTO STUDENTS (RECORD_BOOK_ID, LAST_NAME, FIRST_NAME, MIDDLE_NAME, FATHER_SALARY, MOTHER_SALARY, FAMILY_MEMBERS_NUMBER, GROUP_ID) VALUES (3810942, 'Федоров', 'Даниил', 'Васильевич', 50000, 30000, 4, 1);
INSERT INTO STUDENTS (RECORD_BOOK_ID, LAST_NAME, FIRST_NAME, MIDDLE_NAME, FATHER_SALARY, MOTHER_SALARY, FAMILY_MEMBERS_NUMBER, GROUP_ID) VALUES (1232949, 'Мальцева', 'Мирослава', 'Дамировна', 0, 60000, 2, 1);
INSERT INTO STUDENTS (RECORD_BOOK_ID, LAST_NAME, FIRST_NAME, MIDDLE_NAME, FATHER_SALARY, MOTHER_SALARY, FAMILY_MEMBERS_NUMBER, GROUP_ID) VALUES (4342123, 'Семенов', 'Алексей', 'Андреевич', 100000, 60000, 4, 2);
INSERT INTO STUDENTS (RECORD_BOOK_ID, LAST_NAME, FIRST_NAME, MIDDLE_NAME, FATHER_SALARY, MOTHER_SALARY, FAMILY_MEMBERS_NUMBER, GROUP_ID) VALUES (3479834, 'Никитин', 'Даниил', 'Ильич', 80000, 50000, 5, 2);
INSERT INTO STUDENTS (RECORD_BOOK_ID, LAST_NAME, FIRST_NAME, MIDDLE_NAME, FATHER_SALARY, MOTHER_SALARY, FAMILY_MEMBERS_NUMBER, GROUP_ID) VALUES (1378492, 'Коновалов', 'Максим', 'Владимирович', 50000, 90000, 4, 3);
INSERT INTO STUDENTS (RECORD_BOOK_ID, LAST_NAME, FIRST_NAME, MIDDLE_NAME, FATHER_SALARY, MOTHER_SALARY, FAMILY_MEMBERS_NUMBER, GROUP_ID) VALUES (7473293, 'Егоров', 'Артём', 'Артёмович', 100000, 60000, 3, 3);
INSERT INTO STUDENTS (RECORD_BOOK_ID, LAST_NAME, FIRST_NAME, MIDDLE_NAME, FATHER_SALARY, MOTHER_SALARY, FAMILY_MEMBERS_NUMBER, GROUP_ID) VALUES (8327481, 'Богданов', 'Константин', 'Глебович', 80000, 0, 3, 4);
INSERT INTO STUDENTS (RECORD_BOOK_ID, LAST_NAME, FIRST_NAME, MIDDLE_NAME, FATHER_SALARY, MOTHER_SALARY, FAMILY_MEMBERS_NUMBER, GROUP_ID) VALUES (2138942, 'Васильев', 'Матвей', 'Захарович', 70000, 90000, 5, 4);
INSERT INTO STUDENTS (RECORD_BOOK_ID, LAST_NAME, FIRST_NAME, MIDDLE_NAME, FATHER_SALARY, MOTHER_SALARY, FAMILY_MEMBERS_NUMBER, GROUP_ID) VALUES (9123423, 'Попов', 'Егор', 'Борисович', 90000, 90000, 3, 5);
INSERT INTO STUDENTS (RECORD_BOOK_ID, LAST_NAME, FIRST_NAME, MIDDLE_NAME, FATHER_SALARY, MOTHER_SALARY, FAMILY_MEMBERS_NUMBER, GROUP_ID) VALUES (8239437, 'Никитин', 'Глеб', 'Дмитриевич', 0, 90000, 2, 5);
INSERT INTO STUDENTS (RECORD_BOOK_ID, LAST_NAME, FIRST_NAME, MIDDLE_NAME, FATHER_SALARY, MOTHER_SALARY, FAMILY_MEMBERS_NUMBER, GROUP_ID) VALUES (4892304, 'Тарасов', 'Константин', 'Александрович', 60000, 50000, 3, 6);
INSERT INTO STUDENTS (RECORD_BOOK_ID, LAST_NAME, FIRST_NAME, MIDDLE_NAME, FATHER_SALARY, MOTHER_SALARY, FAMILY_MEMBERS_NUMBER, GROUP_ID) VALUES (6172930, 'Покровский', 'Максим', 'Никитич', 100000, 50000, 4, 6);
INSERT INTO STUDENTS (RECORD_BOOK_ID, LAST_NAME, FIRST_NAME, MIDDLE_NAME, FATHER_SALARY, MOTHER_SALARY, FAMILY_MEMBERS_NUMBER, GROUP_ID) VALUES (9219302, 'Дмитриева', 'Ольга', 'Сергеевна', 120000, 90000, 5, 7);
INSERT INTO STUDENTS (RECORD_BOOK_ID, LAST_NAME, FIRST_NAME, MIDDLE_NAME, FATHER_SALARY, MOTHER_SALARY, FAMILY_MEMBERS_NUMBER, GROUP_ID) VALUES (5237984, 'Рогов', 'Григорий', 'Миронович', 80000, 60000, 4, 7);
INSERT INTO STUDENTS (RECORD_BOOK_ID, LAST_NAME, FIRST_NAME, MIDDLE_NAME, FATHER_SALARY, MOTHER_SALARY, FAMILY_MEMBERS_NUMBER, GROUP_ID) VALUES (4729834, 'Павлова', 'Софья', 'Николаевна', 40000, 90000, 3, 8);
INSERT INTO STUDENTS (RECORD_BOOK_ID, LAST_NAME, FIRST_NAME, MIDDLE_NAME, FATHER_SALARY, MOTHER_SALARY, FAMILY_MEMBERS_NUMBER, GROUP_ID) VALUES (9755432, 'Новикова', 'Мария', 'Егоровна', 100000, 0, 2, 8);


COMMIT WORK;

SET GENERATOR FACULTY_ID_GENERATOR TO 2;
SET GENERATOR GROUP_ID_GENERATOR TO 8;
SET GENERATOR SPECIALTY_ID_GENERATOR TO 4;
