/******************************************************************************/
/***          Generated by IBExpert 2021.3.29.1 23.06.2023 7:40:30          ***/
/******************************************************************************/

/******************************************************************************/
/***      Following SET SQL DIALECT is just for the Database Comparer       ***/
/******************************************************************************/
SET SQL DIALECT 3;

INSERT INTO OUTLETS (OUTLET_ID, OUTLET_NAME, OUTLET_CITY, OUTLET_STREET, OUTLET_HOUSE) VALUES (1, 'Напольные Покрытия', 'Иркутск', 'Лермонтова', '275А');
INSERT INTO OUTLETS (OUTLET_ID, OUTLET_NAME, OUTLET_CITY, OUTLET_STREET, OUTLET_HOUSE) VALUES (2, 'Строй Материалы', 'Иркутск', 'Гоголя', '34');


COMMIT WORK;

INSERT INTO PRODUCTS (PRODUCT_ID, PRODUCT_NAME, PRODUCT_QUANTITY) VALUES (1, 'Кирпич красный', 10000);
INSERT INTO PRODUCTS (PRODUCT_ID, PRODUCT_NAME, PRODUCT_QUANTITY) VALUES (2, 'Доска Дуб 4м', 2000);
INSERT INTO PRODUCTS (PRODUCT_ID, PRODUCT_NAME, PRODUCT_QUANTITY) VALUES (3, 'Линолеум Белый дуб 3м', 1000);
INSERT INTO PRODUCTS (PRODUCT_ID, PRODUCT_NAME, PRODUCT_QUANTITY) VALUES (4, 'Линолеум Паркет 2м', 500);
INSERT INTO PRODUCTS (PRODUCT_ID, PRODUCT_NAME, PRODUCT_QUANTITY) VALUES (5, 'Гипсокартон 2x1.5м', 5000);


COMMIT WORK;

INSERT INTO OUTLET_PRODUCTS (OUTLET_PRODUCT_BARCODE, PRODUCT_QUANTITY, PRICE, PRODUCT_ID, OUTLET_ID) VALUES (3123784, 900, 1000, 3, 1);
INSERT INTO OUTLET_PRODUCTS (OUTLET_PRODUCT_BARCODE, PRODUCT_QUANTITY, PRICE, PRODUCT_ID, OUTLET_ID) VALUES (2914712, 300, 900, 4, 1);
INSERT INTO OUTLET_PRODUCTS (OUTLET_PRODUCT_BARCODE, PRODUCT_QUANTITY, PRICE, PRODUCT_ID, OUTLET_ID) VALUES (7419442, 9000, 60, 1, 2);
INSERT INTO OUTLET_PRODUCTS (OUTLET_PRODUCT_BARCODE, PRODUCT_QUANTITY, PRICE, PRODUCT_ID, OUTLET_ID) VALUES (2749122, 1500, 100, 2, 2);
INSERT INTO OUTLET_PRODUCTS (OUTLET_PRODUCT_BARCODE, PRODUCT_QUANTITY, PRICE, PRODUCT_ID, OUTLET_ID) VALUES (2173941, 100, 1000, 4, 2);
INSERT INTO OUTLET_PRODUCTS (OUTLET_PRODUCT_BARCODE, PRODUCT_QUANTITY, PRICE, PRODUCT_ID, OUTLET_ID) VALUES (2378991, 4000, 500, 5, 2);


COMMIT WORK;

INSERT INTO WAREHOUSES (WAREHOUSE_ID, WAREHOUSE_CITY, WAREHOUSE_STREET, WAREHOUSE_HOUSE, STOREKEEPER_LAST_NAME, STOREKEEPER_FIRST_NAME, STOREKEEPER_MIDDLE_NAME) VALUES (1, 'Иркутск', 'Рабочая', '89', 'Сидоров', 'Петр', 'Сергеевич');
INSERT INTO WAREHOUSES (WAREHOUSE_ID, WAREHOUSE_CITY, WAREHOUSE_STREET, WAREHOUSE_HOUSE, STOREKEEPER_LAST_NAME, STOREKEEPER_FIRST_NAME, STOREKEEPER_MIDDLE_NAME) VALUES (2, 'Иркутск', 'Рабочая', '43', 'Иванов', 'Иван', 'Иванович');


COMMIT WORK;

INSERT INTO WAREHOUSE_PRODUCTS (WAREHOUSE_PRODUCT_BARCODE, PRODUCT_QUANTITY, PRICE, PRODUCT_ID, WAREHOUSE_ID) VALUES (3619312, 1000, 50, 1, 1);
INSERT INTO WAREHOUSE_PRODUCTS (WAREHOUSE_PRODUCT_BARCODE, PRODUCT_QUANTITY, PRICE, PRODUCT_ID, WAREHOUSE_ID) VALUES (3219300, 900, 400, 5, 1);
INSERT INTO WAREHOUSE_PRODUCTS (WAREHOUSE_PRODUCT_BARCODE, PRODUCT_QUANTITY, PRICE, PRODUCT_ID, WAREHOUSE_ID) VALUES (2130932, 100, 800, 4, 1);
INSERT INTO WAREHOUSE_PRODUCTS (WAREHOUSE_PRODUCT_BARCODE, PRODUCT_QUANTITY, PRICE, PRODUCT_ID, WAREHOUSE_ID) VALUES (1238219, 500, 80, 2, 2);
INSERT INTO WAREHOUSE_PRODUCTS (WAREHOUSE_PRODUCT_BARCODE, PRODUCT_QUANTITY, PRICE, PRODUCT_ID, WAREHOUSE_ID) VALUES (2140921, 100, 900, 3, 2);
INSERT INTO WAREHOUSE_PRODUCTS (WAREHOUSE_PRODUCT_BARCODE, PRODUCT_QUANTITY, PRICE, PRODUCT_ID, WAREHOUSE_ID) VALUES (3213924, 100, 450, 5, 2);


COMMIT WORK;

SET GENERATOR OUTLET_GENERATOR TO 2;
SET GENERATOR PRODUCT_GENERATOR TO 5;
SET GENERATOR WAREHOUSE_GENERATOR TO 2;
