/******************************************************************************/
/***          Generated by IBExpert 2021.3.29.1 23.06.2023 6:57:01          ***/
/******************************************************************************/

/******************************************************************************/
/***      Following SET SQL DIALECT is just for the Database Comparer       ***/
/******************************************************************************/
SET SQL DIALECT 3;

INSERT INTO CARS (CAR_ID, REGISTRATION_MARK, MODEL, KIND, COLOR) VALUES (1, 'Х746АВ', 'Suzuki', 'ЛЕГК', 'Красный');
INSERT INTO CARS (CAR_ID, REGISTRATION_MARK, MODEL, KIND, COLOR) VALUES (2, 'В478МН', 'Hyundai', 'ГРУЗ', 'Черный');
INSERT INTO CARS (CAR_ID, REGISTRATION_MARK, MODEL, KIND, COLOR) VALUES (3, 'М891УТ', 'КамАЗ', 'ГРУЗ', 'Желтый');
INSERT INTO CARS (CAR_ID, REGISTRATION_MARK, MODEL, KIND, COLOR) VALUES (4, 'У529КН', 'Hyundai', 'ГРУЗ', 'Белый');
INSERT INTO CARS (CAR_ID, REGISTRATION_MARK, MODEL, KIND, COLOR) VALUES (5, 'К723ВН', 'Honda', 'ЛЕГК', 'Серый');


COMMIT WORK;

INSERT INTO JOURNEYS (JOURNEY_ID, DISTANCE, WEIGHT, FROM_CITY, FROM_STREET, FROM_HOUSE, TO_CITY, TO_STREET, TO_HOUSE) VALUES (1, 1000, 200, 'Усть-Илимск', 'Крупской', '6', 'Иркутск', 'Курчатова', '8а');
INSERT INTO JOURNEYS (JOURNEY_ID, DISTANCE, WEIGHT, FROM_CITY, FROM_STREET, FROM_HOUSE, TO_CITY, TO_STREET, TO_HOUSE) VALUES (2, 2000, 500, 'Иркутск', 'Ленина', '28', 'Владивосток', 'Гоголя', '9');
INSERT INTO JOURNEYS (JOURNEY_ID, DISTANCE, WEIGHT, FROM_CITY, FROM_STREET, FROM_HOUSE, TO_CITY, TO_STREET, TO_HOUSE) VALUES (3, 10, 50, 'Иркутск', 'Карла Маркса', '33', 'Иркутск', 'Зеленая', '4');
INSERT INTO JOURNEYS (JOURNEY_ID, DISTANCE, WEIGHT, FROM_CITY, FROM_STREET, FROM_HOUSE, TO_CITY, TO_STREET, TO_HOUSE) VALUES (4, 600, 800, 'Нижнеудинск', 'Пушкина', '42', 'Иркутск', 'Лермонтова', '83');
INSERT INTO JOURNEYS (JOURNEY_ID, DISTANCE, WEIGHT, FROM_CITY, FROM_STREET, FROM_HOUSE, TO_CITY, TO_STREET, TO_HOUSE) VALUES (5, 40, 80, 'Иркутск', 'Рабочая', '57', 'Ангарск', 'Ленина', '8');
INSERT INTO JOURNEYS (JOURNEY_ID, DISTANCE, WEIGHT, FROM_CITY, FROM_STREET, FROM_HOUSE, TO_CITY, TO_STREET, TO_HOUSE) VALUES (6, 5, 100, 'Ангарск', 'Цветочная', '43', 'Ангарск', 'Мира', '15');


COMMIT WORK;

INSERT INTO CAR_JOURNEYS (CAR_ID, JOURNEY_ID, BEGIN_TIME, END_TIME) VALUES (4, 2, '2023-05-15', '2023-05-18');
INSERT INTO CAR_JOURNEYS (CAR_ID, JOURNEY_ID, BEGIN_TIME, END_TIME) VALUES (2, 1, '2023-05-10', '2023-05-11');
INSERT INTO CAR_JOURNEYS (CAR_ID, JOURNEY_ID, BEGIN_TIME, END_TIME) VALUES (3, 4, '2023-04-19', '2023-04-20');
INSERT INTO CAR_JOURNEYS (CAR_ID, JOURNEY_ID, BEGIN_TIME, END_TIME) VALUES (5, 3, '2023-04-12', '2023-04-12');
INSERT INTO CAR_JOURNEYS (CAR_ID, JOURNEY_ID, BEGIN_TIME, END_TIME) VALUES (5, 5, '2023-04-14', '2023-04-14');
INSERT INTO CAR_JOURNEYS (CAR_ID, JOURNEY_ID, BEGIN_TIME, END_TIME) VALUES (1, 6, '2023-04-21', '2023-04-21');


COMMIT WORK;

INSERT INTO REPAIRS (REPAIR_ID, KIND, DURATION) VALUES (1, 'Подвеска', 48);
INSERT INTO REPAIRS (REPAIR_ID, KIND, DURATION) VALUES (2, 'Двигатель', 72);
INSERT INTO REPAIRS (REPAIR_ID, KIND, DURATION) VALUES (3, 'Вмятина', 24);
INSERT INTO REPAIRS (REPAIR_ID, KIND, DURATION) VALUES (4, 'Покраска', 12);
INSERT INTO REPAIRS (REPAIR_ID, KIND, DURATION) VALUES (5, 'КПП', 72);


COMMIT WORK;

INSERT INTO CAR_REPAIRS (CAR_ID, REPAIR_ID, BEGIN_TIME) VALUES (2, 5, '2023-05-23');
INSERT INTO CAR_REPAIRS (CAR_ID, REPAIR_ID, BEGIN_TIME) VALUES (3, 2, '2023-05-10');
INSERT INTO CAR_REPAIRS (CAR_ID, REPAIR_ID, BEGIN_TIME) VALUES (3, 5, '2023-04-19');
INSERT INTO CAR_REPAIRS (CAR_ID, REPAIR_ID, BEGIN_TIME) VALUES (5, 3, '2023-04-06');
INSERT INTO CAR_REPAIRS (CAR_ID, REPAIR_ID, BEGIN_TIME) VALUES (4, 4, '2023-04-16');
INSERT INTO CAR_REPAIRS (CAR_ID, REPAIR_ID, BEGIN_TIME) VALUES (5, 1, '2023-04-25');


COMMIT WORK;

SET GENERATOR CARS_GENERATOR TO 5;
SET GENERATOR JOURNEYS_GENERATOR TO 6;
SET GENERATOR REPAIRS_GENERATOR TO 5;
