/******************************************************************************/
/***          Generated by IBExpert 2021.3.29.1 23.06.2023 7:13:41          ***/
/******************************************************************************/

/******************************************************************************/
/***      Following SET SQL DIALECT is just for the Database Comparer       ***/
/******************************************************************************/
SET SQL DIALECT 3;

INSERT INTO STUDENTS (GRADES_BOOK_NUMBER, LAST_NAME, FIRST_NAME, MIDDLE_NAME, GROUP_CIPHER) VALUES (1237842, 'Якубовский', 'Ярослав', 'Викторович', 'АСУб-21-1');
INSERT INTO STUDENTS (GRADES_BOOK_NUMBER, LAST_NAME, FIRST_NAME, MIDDLE_NAME, GROUP_CIPHER) VALUES (4218432, 'Алхимов', 'Сергей', 'Николаевич', 'ЭВМб-21-1');
INSERT INTO STUDENTS (GRADES_BOOK_NUMBER, LAST_NAME, FIRST_NAME, MIDDLE_NAME, GROUP_CIPHER) VALUES (6321439, 'Давыдов', 'Даниил', 'Евгениевич', 'ЭВМб-21-1');
INSERT INTO STUDENTS (GRADES_BOOK_NUMBER, LAST_NAME, FIRST_NAME, MIDDLE_NAME, GROUP_CIPHER) VALUES (5672139, 'Новиков', 'Егор', 'Алексеевич', 'АСУб-21-1');
INSERT INTO STUDENTS (GRADES_BOOK_NUMBER, LAST_NAME, FIRST_NAME, MIDDLE_NAME, GROUP_CIPHER) VALUES (3789281, 'Корешков', 'Егор', 'Александрович', 'АСУб-21-2');


COMMIT WORK;

INSERT INTO SUBJECTS (SUBJECT_ID, SUBJECT_NAME, HOURS_NUMBER, TEACHER_FULL_NAME) VALUES (1, 'Организация ЭВМ', 72, 'Брагин Александр Евгениевич');
INSERT INTO SUBJECTS (SUBJECT_ID, SUBJECT_NAME, HOURS_NUMBER, TEACHER_FULL_NAME) VALUES (2, 'Программирование', 144, 'Столбов Александр Борисович');
INSERT INTO SUBJECTS (SUBJECT_ID, SUBJECT_NAME, HOURS_NUMBER, TEACHER_FULL_NAME) VALUES (3, 'Базы данных', 108, 'Дорофеев Андрей Сергеевич');


COMMIT WORK;

INSERT INTO TERM_PAPERS (TERM_PAPER_ID, SUBJECT_ID, VARIANT_NUMBER, TOPIC_NAME) VALUES (1, 1, 1, 'Описание схемы микроконтроллера Freescale Semiconductor');
INSERT INTO TERM_PAPERS (TERM_PAPER_ID, SUBJECT_ID, VARIANT_NUMBER, TOPIC_NAME) VALUES (2, 1, 2, 'Способы хранения информации на твердотельных накопителях');
INSERT INTO TERM_PAPERS (TERM_PAPER_ID, SUBJECT_ID, VARIANT_NUMBER, TOPIC_NAME) VALUES (3, 1, 3, 'Типы ОЗУ: RDRAM, SDRAM, архитектурные отличия');
INSERT INTO TERM_PAPERS (TERM_PAPER_ID, SUBJECT_ID, VARIANT_NUMBER, TOPIC_NAME) VALUES (4, 1, 4, 'Блокчейн: организация, алгоритмы, технические особенности');
INSERT INTO TERM_PAPERS (TERM_PAPER_ID, SUBJECT_ID, VARIANT_NUMBER, TOPIC_NAME) VALUES (5, 1, 5, '486 процессоры: особенности архитектуры 486SX');
INSERT INTO TERM_PAPERS (TERM_PAPER_ID, SUBJECT_ID, VARIANT_NUMBER, TOPIC_NAME) VALUES (6, 1, 6, 'Надежность процессоров Intel с точки зрения безопасности');
INSERT INTO TERM_PAPERS (TERM_PAPER_ID, SUBJECT_ID, VARIANT_NUMBER, TOPIC_NAME) VALUES (7, 2, 1, 'Парсинг документов Word при помощи C++');
INSERT INTO TERM_PAPERS (TERM_PAPER_ID, SUBJECT_ID, VARIANT_NUMBER, TOPIC_NAME) VALUES (8, 2, 2, 'Разработка простой игры Flappy Bird');
INSERT INTO TERM_PAPERS (TERM_PAPER_ID, SUBJECT_ID, VARIANT_NUMBER, TOPIC_NAME) VALUES (9, 2, 3, 'Симуляция воды');
INSERT INTO TERM_PAPERS (TERM_PAPER_ID, SUBJECT_ID, VARIANT_NUMBER, TOPIC_NAME) VALUES (10, 2, 4, 'Измерение времени выполнения простых операций');
INSERT INTO TERM_PAPERS (TERM_PAPER_ID, SUBJECT_ID, VARIANT_NUMBER, TOPIC_NAME) VALUES (11, 2, 5, 'Телеграм-бот доставки суши');
INSERT INTO TERM_PAPERS (TERM_PAPER_ID, SUBJECT_ID, VARIANT_NUMBER, TOPIC_NAME) VALUES (12, 3, 1, 'Учет товаров на складе');
INSERT INTO TERM_PAPERS (TERM_PAPER_ID, SUBJECT_ID, VARIANT_NUMBER, TOPIC_NAME) VALUES (13, 3, 8, 'Учет выполнения курсовых работ');
INSERT INTO TERM_PAPERS (TERM_PAPER_ID, SUBJECT_ID, VARIANT_NUMBER, TOPIC_NAME) VALUES (14, 3, 3, 'Учет материального положения студентов');
INSERT INTO TERM_PAPERS (TERM_PAPER_ID, SUBJECT_ID, VARIANT_NUMBER, TOPIC_NAME) VALUES (15, 3, 4, 'Отдел кадров');
INSERT INTO TERM_PAPERS (TERM_PAPER_ID, SUBJECT_ID, VARIANT_NUMBER, TOPIC_NAME) VALUES (16, 3, 9, 'Гараж');
INSERT INTO TERM_PAPERS (TERM_PAPER_ID, SUBJECT_ID, VARIANT_NUMBER, TOPIC_NAME) VALUES (17, 3, 12, 'Производство деталей');


COMMIT WORK;

INSERT INTO GRADES_RECORDS (GRADES_BOOK_NUMBER, TERM_PAPER_ID, GET_DATE, FINISH_DATE, GRADE) VALUES (1237842, 3, '2023-03-27', '2023-05-18', 5);
INSERT INTO GRADES_RECORDS (GRADES_BOOK_NUMBER, TERM_PAPER_ID, GET_DATE, FINISH_DATE, GRADE) VALUES (5672139, 2, '2023-03-27', '2023-05-23', 5);
INSERT INTO GRADES_RECORDS (GRADES_BOOK_NUMBER, TERM_PAPER_ID, GET_DATE, FINISH_DATE, GRADE) VALUES (6321439, 5, '2023-03-28', '2023-05-30', 4);
INSERT INTO GRADES_RECORDS (GRADES_BOOK_NUMBER, TERM_PAPER_ID, GET_DATE, FINISH_DATE, GRADE) VALUES (4218432, 4, '2023-03-28', '2023-05-26', 5);
INSERT INTO GRADES_RECORDS (GRADES_BOOK_NUMBER, TERM_PAPER_ID, GET_DATE, FINISH_DATE, GRADE) VALUES (3789281, 1, '2023-03-29', NULL, NULL);
INSERT INTO GRADES_RECORDS (GRADES_BOOK_NUMBER, TERM_PAPER_ID, GET_DATE, FINISH_DATE, GRADE) VALUES (1237842, 10, '2022-02-26', '2022-06-03', 5);
INSERT INTO GRADES_RECORDS (GRADES_BOOK_NUMBER, TERM_PAPER_ID, GET_DATE, FINISH_DATE, GRADE) VALUES (3789281, 9, '2022-02-27', '2022-06-07', 4);
INSERT INTO GRADES_RECORDS (GRADES_BOOK_NUMBER, TERM_PAPER_ID, GET_DATE, FINISH_DATE, GRADE) VALUES (4218432, 7, '2022-02-25', '2022-06-10', 5);
INSERT INTO GRADES_RECORDS (GRADES_BOOK_NUMBER, TERM_PAPER_ID, GET_DATE, FINISH_DATE, GRADE) VALUES (5672139, 8, '2022-02-26', '2022-05-29', 5);
INSERT INTO GRADES_RECORDS (GRADES_BOOK_NUMBER, TERM_PAPER_ID, GET_DATE, FINISH_DATE, GRADE) VALUES (6321439, 11, '2022-02-25', '2022-06-08', 4);
INSERT INTO GRADES_RECORDS (GRADES_BOOK_NUMBER, TERM_PAPER_ID, GET_DATE, FINISH_DATE, GRADE) VALUES (1237842, 13, '2023-03-22', '2023-06-01', 5);
INSERT INTO GRADES_RECORDS (GRADES_BOOK_NUMBER, TERM_PAPER_ID, GET_DATE, FINISH_DATE, GRADE) VALUES (3789281, 15, '2023-03-25', '2023-05-30', 4);
INSERT INTO GRADES_RECORDS (GRADES_BOOK_NUMBER, TERM_PAPER_ID, GET_DATE, FINISH_DATE, GRADE) VALUES (4218432, 17, '2023-03-29', '2023-05-25', 5);
INSERT INTO GRADES_RECORDS (GRADES_BOOK_NUMBER, TERM_PAPER_ID, GET_DATE, FINISH_DATE, GRADE) VALUES (5672139, 16, '2023-03-22', '2023-05-28', 5);
INSERT INTO GRADES_RECORDS (GRADES_BOOK_NUMBER, TERM_PAPER_ID, GET_DATE, FINISH_DATE, GRADE) VALUES (6321439, 14, '2023-03-29', '2023-05-31', 4);


COMMIT WORK;

SET GENERATOR SUBJECTS_GENERATOR TO 3;
SET GENERATOR TERM_PAPERS_GENERATOR TO 17;
